seed,n_features,features
0,5,"dQ_log_var,chargetime_mean_5,QD_c100_minus_c2,dQ_skew,dQ_log_min"
1,5,"dQ_log_var,chargetime_mean_5,dQ_log_min,QD_c100_minus_c2,dQ_skew"
2,5,"dQ_log_var,chargetime_mean_5,dQ_skew,QD_c100_minus_c2,dQ_log_min"
3,4,"dQ_log_var,QD_c100_minus_c2,chargetime_mean_5,dQ_skew"
4,6,"dQ_log_var,chargetime_mean_5,QD_c100_minus_c2,dQ_log_min,dQ_skew,IR_c2"
5,3,"dQ_log_var,QD_c100_minus_c2,chargetime_mean_5"
6,2,"dQ_log_var,dQ_kurt"
7,4,"dQ_log_var,QD_c100_minus_c2,chargetime_mean_5,dQ_skew"
8,3,"dQ_log_var,dQ_skew,chargetime_mean_5"
9,4,"dQ_log_var,dQ_skew,dQ_log_min,chargetime_mean_5"
10,3,"dQ_log_var,dQ_log_min,dQ_skew"
11,5,"dQ_log_var,dQ_log_min,chargetime_mean_5,QD_c100_minus_c2,dQ_skew"
12,2,"dQ_log_var,dQ_at_2V"
13,5,"dQ_log_var,dQ_skew,chargetime_mean_5,QD_c100_minus_c2,dQ_log_min"
14,5,"dQ_log_var,chargetime_mean_5,QD_c100_minus_c2,dQ_log_min,dQ_skew"
15,5,"dQ_log_var,dQ_at_2V,chargetime_mean_5,dQ_log_min,dQ_skew"
16,4,"dQ_log_var,chargetime_mean_5,QD_c100_minus_c2,dQ_skew"
17,5,"dQ_log_var,chargetime_mean_5,dQ_log_min,QD_c100_minus_c2,dQ_skew"
18,5,"dQ_log_var,chargetime_mean_5,QD_c100_minus_c2,dQ_skew,dQ_log_min"
19,4,"dQ_log_var,chargetime_mean_5,dQ_skew,dQ_log_min"
