model,Valid 평균,표준편차,Baseline보다 나은 횟수,(참고) Test B2,(참고) Test B3,(참고) B3 예측 최대
"Baseline (선형, dQ_log_var 1개)",9.55,2.56,0,29.62,12.16,1669.62
Lasso,10.39,2.41,8,33.25,12.69,1455.67
"Linear (선택 피처, 규제 없음)",10.59,2.86,9,28.22,11.31,1630.58
Huber,10.67,2.92,11,28.3,11.31,1625.99
Gaussian Process,11.09,3.04,7,33.26,13.3,1418.62
RandomForest,11.27,3.0,6,37.46,19.07,862.28
SVR (RBF),11.66,4.53,6,26.92,17.41,1062.91
Ridge,12.15,3.96,6,38.63,16.47,1248.26
XGBoost,12.65,3.18,2,34.82,19.68,891.21
KNN,13.9,2.19,1,45.94,19.05,905.62
