model,split,MAPE(%),RMSE(cycle),note
Baseline (Variance),Train (Batch1 CV),9.17,94.23,정책 단위 5-fold CV 평균
Baseline (Variance),Valid (Batch1 Hold-out),8.09,83.87,정책 단위 Hold-out 20%
Baseline (Variance),Test (Batch2),29.62,168.04,최종 평가
Baseline (Variance),Gap (Train-Valid),-1.08,,"Valid−Train 오차, (+): 과적합 의심"
Baseline (Variance),Gap (Valid-Test),21.53,,"Test−Valid 오차, (+): 배치 간 일반화 저하 의심"
Baseline (Variance),Gap (Target-Test),20.52,,"Test−9.1%, (+): 원 논문 목표 미달"
Baseline (Variance),Test (Batch3),12.16,226.49,추가 검증
Baseline (Variance),Gap (Batch2-Batch3),17.46,,"Batch2−Batch3 오차, (+): Batch2가 더 나쁨"
Baseline (Variance),Gap (Target-Test B3),3.06,,"Batch3−9.1%, (+): 원 논문 목표 미달"
ElasticNet,Train (Batch1 CV),9.33,93.6,정책 단위 5-fold CV 평균
ElasticNet,Valid (Batch1 Hold-out),9.71,94.86,정책 단위 Hold-out 20%
ElasticNet,Test (Batch2),32.28,172.45,최종 평가
ElasticNet,Gap (Train-Valid),0.38,,"Valid−Train 오차, (+): 과적합 의심"
ElasticNet,Gap (Valid-Test),22.56,,"Test−Valid 오차, (+): 배치 간 일반화 저하 의심"
ElasticNet,Gap (Target-Test),23.18,,"Test−9.1%, (+): 원 논문 목표 미달"
ElasticNet,Test (Batch3),12.64,249.75,추가 검증
ElasticNet,Gap (Batch2-Batch3),19.63,,"Batch2−Batch3 오차, (+): Batch2가 더 나쁨"
ElasticNet,Gap (Target-Test B3),3.54,,"Batch3−9.1%, (+): 원 논문 목표 미달"
LightGBM,Train (Batch1 CV),11.18,101.45,정책 단위 5-fold CV 평균
LightGBM,Valid (Batch1 Hold-out),13.96,145.39,정책 단위 Hold-out 20%
LightGBM,Test (Batch2),36.87,198.71,최종 평가
LightGBM,Gap (Train-Valid),2.77,,"Valid−Train 오차, (+): 과적합 의심"
LightGBM,Gap (Valid-Test),22.92,,"Test−Valid 오차, (+): 배치 간 일반화 저하 의심"
LightGBM,Gap (Target-Test),27.77,,"Test−9.1%, (+): 원 논문 목표 미달"
LightGBM,Test (Batch3),20.35,395.4,추가 검증
LightGBM,Gap (Batch2-Batch3),16.52,,"Batch2−Batch3 오차, (+): Batch2가 더 나쁨"
LightGBM,Gap (Target-Test B3),11.25,,"Batch3−9.1%, (+): 원 논문 목표 미달"
Voting (EN+LGBM),Train (Batch1 CV),9.49,92.46,정책 단위 5-fold CV 평균
Voting (EN+LGBM),Valid (Batch1 Hold-out),11.84,118.39,정책 단위 Hold-out 20%
Voting (EN+LGBM),Test (Batch2),34.32,178.26,최종 평가
Voting (EN+LGBM),Gap (Train-Valid),2.36,,"Valid−Train 오차, (+): 과적합 의심"
Voting (EN+LGBM),Gap (Valid-Test),22.48,,"Test−Valid 오차, (+): 배치 간 일반화 저하 의심"
Voting (EN+LGBM),Gap (Target-Test),25.22,,"Test−9.1%, (+): 원 논문 목표 미달"
Voting (EN+LGBM),Test (Batch3),16.43,321.79,추가 검증
Voting (EN+LGBM),Gap (Batch2-Batch3),17.89,,"Batch2−Batch3 오차, (+): Batch2가 더 나쁨"
Voting (EN+LGBM),Gap (Target-Test B3),7.33,,"Batch3−9.1%, (+): 원 논문 목표 미달"
