seed,split,model,valid_leak_ratio,valid_mape
0,random,Baseline,0.75,7.853524843652676
0,random,ElasticNet,0.75,8.177822169989165
0,policy,Baseline,0.0,7.885691096353523
0,policy,ElasticNet,0.0,10.280908660483755
1,random,Baseline,0.875,8.966296275442776
1,random,ElasticNet,0.875,8.703664003348882
1,policy,Baseline,0.0,10.041104189752248
1,policy,ElasticNet,0.0,11.056831644593805
2,random,Baseline,0.75,6.218899735195061
2,random,ElasticNet,0.75,8.901798316410552
2,policy,Baseline,0.0,7.871259882164915
2,policy,ElasticNet,0.0,7.819479600890626
3,random,Baseline,0.375,7.654641470976419
3,random,ElasticNet,0.375,9.144172832414046
3,policy,Baseline,0.0,10.993559625300712
3,policy,ElasticNet,0.0,12.026307686037931
4,random,Baseline,0.5,6.274377575777241
4,random,ElasticNet,0.5,6.3057431575051766
4,policy,Baseline,0.0,7.810539930110975
4,policy,ElasticNet,0.0,8.960354153461553
5,random,Baseline,0.5,9.851383807649114
5,random,ElasticNet,0.5,10.937083804865276
5,policy,Baseline,0.0,9.00753680970421
5,policy,ElasticNet,0.0,9.700479821802121
6,random,Baseline,0.5,10.422429939032396
6,random,ElasticNet,0.5,11.07416006416032
6,policy,Baseline,0.0,8.826622112908082
6,policy,ElasticNet,0.0,10.151494932348601
7,random,Baseline,0.625,8.274666360090693
7,random,ElasticNet,0.625,8.700312320793051
7,policy,Baseline,0.0,12.794293628669465
7,policy,ElasticNet,0.0,13.081135172729688
8,random,Baseline,0.625,8.580990424400808
8,random,ElasticNet,0.625,10.107607265063532
8,policy,Baseline,0.0,6.229837112100999
8,policy,ElasticNet,0.0,8.533019891377213
9,random,Baseline,0.5,9.105361419960929
9,random,ElasticNet,0.5,13.270216896829758
9,policy,Baseline,0.0,13.032982689194847
9,policy,ElasticNet,0.0,12.939479874986398
10,random,Baseline,0.875,8.155307172450108
10,random,ElasticNet,0.875,8.515999042866287
10,policy,Baseline,0.0,10.21463906133453
10,policy,ElasticNet,0.0,10.617598643551766
11,random,Baseline,0.875,9.493431418780574
11,random,ElasticNet,0.875,10.166910620573294
11,policy,Baseline,0.0,15.313182079937354
11,policy,ElasticNet,0.0,13.378760988906462
12,random,Baseline,0.5,8.440236101670711
12,random,ElasticNet,0.5,9.521121360667205
12,policy,Baseline,0.0,5.072138357323931
12,policy,ElasticNet,0.0,6.829695555651595
13,random,Baseline,0.875,9.859900641313763
13,random,ElasticNet,0.875,11.495359054979449
13,policy,Baseline,0.0,11.224189067826243
13,policy,ElasticNet,0.0,11.98731692788153
14,random,Baseline,0.375,9.92601879116268
14,random,ElasticNet,0.375,10.395758526550821
14,policy,Baseline,0.0,11.922545267168037
14,policy,ElasticNet,0.0,11.79967892339637
15,random,Baseline,0.5,7.8492780225204575
15,random,ElasticNet,0.5,8.841450499310342
15,policy,Baseline,0.0,7.170261222857829
15,policy,ElasticNet,0.0,6.776662114776862
16,random,Baseline,1.0,10.139363916901793
16,random,ElasticNet,1.0,8.126674461778
16,policy,Baseline,0.0,6.9778770854158765
16,policy,ElasticNet,0.0,12.361727199692037
17,random,Baseline,1.0,5.462384223246167
17,random,ElasticNet,1.0,7.18675586158507
17,policy,Baseline,0.0,11.004833930132753
17,policy,ElasticNet,0.0,10.621949082424958
18,random,Baseline,0.875,6.078447486384656
18,random,ElasticNet,0.875,8.230311733000502
18,policy,Baseline,0.0,9.732321358699114
18,policy,ElasticNet,0.0,8.070171530653298
19,random,Baseline,0.625,11.89038011930481
19,random,ElasticNet,0.625,13.03748043708953
19,policy,Baseline,0.0,7.928800170315487
19,policy,ElasticNet,0.0,9.570882119602627
20,random,Baseline,0.75,11.660452605949537
20,random,ElasticNet,0.75,12.788383608491872
20,policy,Baseline,0.0,7.410603105097701
20,policy,ElasticNet,0.0,6.564592280436679
21,random,Baseline,0.75,10.404077496641085
21,random,ElasticNet,0.75,11.168449508124972
21,policy,Baseline,0.0,5.659028037076516
21,policy,ElasticNet,0.0,7.669579759567531
22,random,Baseline,1.0,7.722862918916121
22,random,ElasticNet,1.0,9.422394366722076
22,policy,Baseline,0.0,10.433342939837058
22,policy,ElasticNet,0.0,11.997944744034921
23,random,Baseline,0.75,6.405603835878177
23,random,ElasticNet,0.75,7.396919321296605
23,policy,Baseline,0.0,12.819830668638449
23,policy,ElasticNet,0.0,13.659328462841543
24,random,Baseline,0.625,10.97219310771663
24,random,ElasticNet,0.625,9.702370491990758
24,policy,Baseline,0.0,8.824190742202568
24,policy,ElasticNet,0.0,8.293110038207196
25,random,Baseline,1.0,9.368002851686875
25,random,ElasticNet,1.0,9.700943828471575
25,policy,Baseline,0.0,9.805031140318269
25,policy,ElasticNet,0.0,9.661784215957049
26,random,Baseline,1.0,6.326577434242639
26,random,ElasticNet,1.0,7.484596501377277
26,policy,Baseline,0.0,8.467605384755684
26,policy,ElasticNet,0.0,9.517381099763341
27,random,Baseline,1.0,7.244417581856865
27,random,ElasticNet,1.0,8.428185640925774
27,policy,Baseline,0.0,7.095849167757275
27,policy,ElasticNet,0.0,10.661578019192664
28,random,Baseline,0.25,8.602513338789272
28,random,ElasticNet,0.25,9.916257283650442
28,policy,Baseline,0.0,6.918147000656924
28,policy,ElasticNet,0.0,6.56762130600457
29,random,Baseline,0.375,5.852610076921564
29,random,ElasticNet,0.375,8.891888467033032
29,policy,Baseline,0.0,7.074475008151408
29,policy,ElasticNet,0.0,10.606970136254455
